First Name ,Last Name,Email
student1,student1,student1@f5labs.com
student2,student2,student2@f5labs.com
student3,student3,student3@f5labs.com
student4,student4,student4@f5labs.com
student5,student5,student5@f5labs.com
student6,student6,student6@f5labs.com
student7,student7,student7@f5labs.com
student8,student8,student8@f5labs.com
student9,student9,student9@f5labs.com
student10,student10,student10@f5labs.com
student11,student11,student11@f5labs.com
student12,student12,student12@f5labs.com
student13,student13,student13@f5labs.com
student14,student14,student14@f5labs.com
student15,student15,student15@f5labs.com
student16,student16,student16@f5labs.com
student17,student17,student17@f5labs.com
student18,student18,student18@f5labs.com
student19,student19,student19@f5labs.com
student20,student20,student20@f5labs.com
student21,student21,student21@f5labs.com
student22,student22,student22@f5labs.com
student23,student23,student23@f5labs.com
student24,student24,student24@f5labs.com
student25,student25,student25@f5labs.com
student26,student26,student26@f5labs.com
student27,student27,student27@f5labs.com
student28,student28,student28@f5labs.com
student29,student29,student29@f5labs.com
student30,student30,student30@f5labs.com
student31,student31,student31@f5labs.com
student32,student32,student32@f5labs.com
student33,student33,student33@f5labs.com
student34,student34,student34@f5labs.com
student35,student35,student35@f5labs.com
student36,student36,student36@f5labs.com
student37,student37,student37@f5labs.com
student38,student38,student38@f5labs.com
student39,student39,student39@f5labs.com
student40,student40,student40@f5labs.com